metric,period_ms,ms
IvPSimLatency,50,10
IvPSimLatency,50,14
IvPSimLatency,50,14
IvPSimLatency,50,15
IvPSimLatency,50,1
IvPSimLatency,50,2
IvPSimLatency,50,2
IvPSimLatency,50,3
IvPSimLatency,50,2
IvPSimLatency,50,2
IvPSimLatency,50,3
IvPSimLatency,50,3
IvPSimLatency,50,1
IvPSimLatency,50,2
IvPSimLatency,50,2
IvPSimLatency,50,3
IvPSimLatency,50,2
IvPSimLatency,50,3
IvPSimLatency,50,3
IvPSimLatency,50,4
IvPSimLatency,50,3
IvPSimLatency,50,4
IvPSimLatency,50,5
IvPSimLatency,50,5
IvPSimLatency,50,2
IvPSimLatency,50,2
IvPSimLatency,50,3
IvPSimLatency,50,4
IvPSimLatency,50,3
IvPSimLatency,50,3
IvPSimLatency,50,5
IvPSimLatency,50,5
IvPSimLatency,50,5
IvPSimLatency,50,6
IvPSimLatency,50,6
IvPSimLatency,50,7
IvPSimLatency,50,5
IvPSimLatency,50,5
IvPSimLatency,50,6
IvPSimLatency,50,9
IvPSimLatency,50,3
IvPSimLatency,50,4
IvPSimLatency,50,4
IvPSimLatency,50,5
IvPSimLatency,50,2
IvPSimLatency,50,3
IvPSimLatency,50,3
IvPSimLatency,50,4
IvPSimLatency,50,2
IvPSimLatency,50,2
IvPSimLatency,50,2
IvPSimLatency,50,3
IvPSimLatency,50,2
IvPSimLatency,50,2
IvPSimLatency,50,2
IvPSimLatency,50,3
IvPSimLatency,50,5
IvPSimLatency,50,5
IvPSimLatency,50,6
IvPSimLatency,50,7
IvPSimLatency,50,4
IvPSimLatency,50,4
IvPSimLatency,50,5
IvPSimLatency,50,6
IvPSimLatency,50,2
IvPSimLatency,50,2
IvPSimLatency,50,3
IvPSimLatency,50,4
IvPSimLatency,50,2
IvPSimLatency,50,2
IvPSimLatency,50,3
IvPSimLatency,50,3
IvPSimLatency,50,17
IvPSimLatency,50,17
IvPSimLatency,50,18
IvPSimLatency,50,19
IvPSimLatency,50,2
IvPSimLatency,50,2
IvPSimLatency,50,3
IvPSimLatency,50,4
